,mean_fit_time,std_fit_time,mean_score_time,std_score_time,param_C,param_gamma,param_kernel,params,split0_test_score,split1_test_score,split2_test_score,split3_test_score,split4_test_score,mean_test_score,std_test_score,rank_test_score
97,8.523406410217286,0.08123460704677568,2.2258537292480467,0.028457698338336352,0.01,0.0001,poly,"{'C': 0.01, 'gamma': 0.0001, 'kernel': 'poly'}",0.939,0.924,0.934,0.941,0.932,0.9339999999999999,0.005966573556070479,1
33,7.587464094161987,0.0650745816964148,1.9711010932922364,0.04812849601304589,0.0001,0.0001,poly,"{'C': 0.0001, 'gamma': 0.0001, 'kernel': 'poly'}",0.939,0.924,0.934,0.941,0.932,0.9339999999999999,0.005966573556070479,1
237,7.932165288925171,0.07894011100404087,2.038304328918457,0.061371249859483744,100,0.1,poly,"{'C': 100, 'gamma': 0.1, 'kernel': 'poly'}",0.939,0.924,0.934,0.941,0.932,0.9339999999999999,0.005966573556070479,1
77,7.658954620361328,0.07864992819956163,2.025824499130249,0.036797502121308036,0.001,0.1,poly,"{'C': 0.001, 'gamma': 0.1, 'kernel': 'poly'}",0.939,0.924,0.934,0.941,0.932,0.9339999999999999,0.005966573556070479,1
145,7.503777885437012,0.05325960668537535,1.9866355419158936,0.020351438086931732,0.1,0.5,poly,"{'C': 0.1, 'gamma': 0.5, 'kernel': 'poly'}",0.939,0.924,0.934,0.941,0.932,0.9339999999999999,0.005966573556070479,1
37,7.452999782562256,0.061424520820223975,1.9888012409210205,0.027694464107727183,0.0001,0.001,poly,"{'C': 0.0001, 'gamma': 0.001, 'kernel': 'poly'}",0.939,0.924,0.934,0.941,0.932,0.9339999999999999,0.005966573556070479,1
113,7.808353090286255,0.09792531549444879,2.0646379470825194,0.06370074781763169,0.01,0.5,poly,"{'C': 0.01, 'gamma': 0.5, 'kernel': 'poly'}",0.939,0.924,0.934,0.941,0.932,0.9339999999999999,0.005966573556070479,1
73,7.675642442703247,0.09242373269819151,2.0669827461242676,0.06970484937069177,0.001,0.01,poly,"{'C': 0.001, 'gamma': 0.01, 'kernel': 'poly'}",0.939,0.924,0.934,0.941,0.932,0.9339999999999999,0.005966573556070479,1
41,7.443094205856323,0.14875415113757898,1.9464130401611328,0.010427535131729962,0.0001,0.01,poly,"{'C': 0.0001, 'gamma': 0.01, 'kernel': 'poly'}",0.939,0.924,0.934,0.941,0.932,0.9339999999999999,0.005966573556070479,1
233,7.9743577003479,0.03843075527267632,2.062681531906128,0.05948890387539435,100,0.01,poly,"{'C': 100, 'gamma': 0.01, 'kernel': 'poly'}",0.939,0.924,0.934,0.941,0.932,0.9339999999999999,0.005966573556070479,1
141,7.541066884994507,0.08231079040210373,1.9885436058044434,0.0306223142512221,0.1,0.1,poly,"{'C': 0.1, 'gamma': 0.1, 'kernel': 'poly'}",0.939,0.924,0.934,0.941,0.932,0.9339999999999999,0.005966573556070479,1
45,7.428804922103882,0.07084513409595214,1.9677642822265624,0.037377347524296244,0.0001,0.1,poly,"{'C': 0.0001, 'gamma': 0.1, 'kernel': 'poly'}",0.939,0.924,0.934,0.941,0.932,0.9339999999999999,0.005966573556070479,1
137,7.529977655410766,0.0691043419205697,1.9811527729034424,0.020176326510799026,0.1,0.01,poly,"{'C': 0.1, 'gamma': 0.01, 'kernel': 'poly'}",0.939,0.924,0.934,0.941,0.932,0.9339999999999999,0.005966573556070479,1
125,7.520616054534912,0.040751761663494146,1.9763831615447998,0.024954252560857135,0.01,1.0,poly,"{'C': 0.01, 'gamma': 1.0, 'kernel': 'poly'}",0.939,0.924,0.934,0.941,0.932,0.9339999999999999,0.005966573556070479,1
217,7.55684642791748,0.03745361071267184,1.9935971736907958,0.053312769996538674,10,0.9,poly,"{'C': 10, 'gamma': 0.9, 'kernel': 'poly'}",0.939,0.924,0.934,0.941,0.932,0.9339999999999999,0.005966573556070479,1
49,7.396101474761963,0.044511910202565,1.9770741939544678,0.024245705204187916,0.0001,0.5,poly,"{'C': 0.0001, 'gamma': 0.5, 'kernel': 'poly'}",0.939,0.924,0.934,0.941,0.932,0.9339999999999999,0.005966573556070479,1
229,7.741565704345703,0.18476099745032235,1.9947446823120116,0.040272343626087864,100,0.001,poly,"{'C': 100, 'gamma': 0.001, 'kernel': 'poly'}",0.939,0.924,0.934,0.941,0.932,0.9339999999999999,0.005966573556070479,1
185,7.501006031036377,0.052308436700789315,1.984548282623291,0.05289610465109839,1,0.9,poly,"{'C': 1, 'gamma': 0.9, 'kernel': 'poly'}",0.939,0.924,0.934,0.941,0.932,0.9339999999999999,0.005966573556070479,1
133,7.487381792068481,0.0829158893994528,1.978156614303589,0.03453927169137711,0.1,0.001,poly,"{'C': 0.1, 'gamma': 0.001, 'kernel': 'poly'}",0.939,0.924,0.934,0.941,0.932,0.9339999999999999,0.005966573556070479,1
69,7.899673366546631,0.25144103764038755,2.009278583526611,0.09334194037818186,0.001,0.001,poly,"{'C': 0.001, 'gamma': 0.001, 'kernel': 'poly'}",0.939,0.924,0.934,0.941,0.932,0.9339999999999999,0.005966573556070479,1
225,7.527293109893799,0.06243912454426462,1.9867591381072998,0.034268725591535945,100,0.0001,poly,"{'C': 100, 'gamma': 0.0001, 'kernel': 'poly'}",0.939,0.924,0.934,0.941,0.932,0.9339999999999999,0.005966573556070479,1
129,7.605086946487427,0.039765179984693894,2.0069738388061524,0.032991147852013465,0.1,0.0001,poly,"{'C': 0.1, 'gamma': 0.0001, 'kernel': 'poly'}",0.939,0.924,0.934,0.941,0.932,0.9339999999999999,0.005966573556070479,1
57,7.806131982803345,0.09065265269319712,2.038990545272827,0.0356526505502101,0.0001,0.9,poly,"{'C': 0.0001, 'gamma': 0.9, 'kernel': 'poly'}",0.939,0.924,0.934,0.941,0.932,0.9339999999999999,0.005966573556070479,1
121,7.468785381317138,0.041822396540704854,1.9701769828796387,0.02910443755578488,0.01,0.9,poly,"{'C': 0.01, 'gamma': 0.9, 'kernel': 'poly'}",0.939,0.924,0.934,0.941,0.932,0.9339999999999999,0.005966573556070479,1
65,7.822729253768921,0.2571568026675594,2.041072702407837,0.05000894826767272,0.001,0.0001,poly,"{'C': 0.001, 'gamma': 0.0001, 'kernel': 'poly'}",0.939,0.924,0.934,0.941,0.932,0.9339999999999999,0.005966573556070479,1
189,7.588382577896118,0.07704504105556537,2.001546859741211,0.042673568784831355,1,1.0,poly,"{'C': 1, 'gamma': 1.0, 'kernel': 'poly'}",0.939,0.924,0.934,0.941,0.932,0.9339999999999999,0.005966573556070479,1
61,8.227129125595093,0.06249970434778437,2.0715579986572266,0.06228167309785378,0.0001,1.0,poly,"{'C': 0.0001, 'gamma': 1.0, 'kernel': 'poly'}",0.939,0.924,0.934,0.941,0.932,0.9339999999999999,0.005966573556070479,1
193,7.526457977294922,0.039823579561340076,1.9800864696502685,0.02218129372110099,10,0.0001,poly,"{'C': 10, 'gamma': 0.0001, 'kernel': 'poly'}",0.939,0.924,0.934,0.941,0.932,0.9339999999999999,0.005966573556070479,1
29,7.479996633529663,0.09676770786296642,1.9916398525238037,0.05048476802643646,1e-05,1.0,poly,"{'C': 1e-05, 'gamma': 1.0, 'kernel': 'poly'}",0.939,0.924,0.934,0.941,0.932,0.9339999999999999,0.005966573556070479,1
177,7.507668781280517,0.05514398063633515,1.998899507522583,0.03714761496031513,1,0.5,poly,"{'C': 1, 'gamma': 0.5, 'kernel': 'poly'}",0.939,0.924,0.934,0.941,0.932,0.9339999999999999,0.005966573556070479,1
173,7.528292989730835,0.026744636156493563,1.978067445755005,0.03848012304590575,1,0.1,poly,"{'C': 1, 'gamma': 0.1, 'kernel': 'poly'}",0.939,0.924,0.934,0.941,0.932,0.9339999999999999,0.005966573556070479,1
1,7.456832790374756,0.07272941124589424,1.9788026809692383,0.032361597102163464,1e-05,0.0001,poly,"{'C': 1e-05, 'gamma': 0.0001, 'kernel': 'poly'}",0.939,0.924,0.934,0.941,0.932,0.9339999999999999,0.005966573556070479,1
253,7.566254711151123,0.056114505235111405,1.960911464691162,0.022530940933769433,100,1.0,poly,"{'C': 100, 'gamma': 1.0, 'kernel': 'poly'}",0.939,0.924,0.934,0.941,0.932,0.9339999999999999,0.005966573556070479,1
165,7.511261034011841,0.02672799499717979,1.986896276473999,0.03557916414397501,1,0.001,poly,"{'C': 1, 'gamma': 0.001, 'kernel': 'poly'}",0.939,0.924,0.934,0.941,0.932,0.9339999999999999,0.005966573556070479,1
205,7.488650560379028,0.06760090806435123,1.9765235424041747,0.041616860084349255,10,0.1,poly,"{'C': 10, 'gamma': 0.1, 'kernel': 'poly'}",0.939,0.924,0.934,0.941,0.932,0.9339999999999999,0.005966573556070479,1
5,7.442192840576172,0.03831981563490835,1.9531999111175538,0.036998878910775065,1e-05,0.001,poly,"{'C': 1e-05, 'gamma': 0.001, 'kernel': 'poly'}",0.939,0.924,0.934,0.941,0.932,0.9339999999999999,0.005966573556070479,1
93,7.474651908874511,0.04317346810321403,1.9719135284423828,0.03814561244607824,0.001,1.0,poly,"{'C': 0.001, 'gamma': 1.0, 'kernel': 'poly'}",0.939,0.924,0.934,0.941,0.932,0.9339999999999999,0.005966573556070479,1
161,7.513950824737549,0.044619244413548156,1.9872159481048584,0.04548209551825262,1,0.0001,poly,"{'C': 1, 'gamma': 0.0001, 'kernel': 'poly'}",0.939,0.924,0.934,0.941,0.932,0.9339999999999999,0.005966573556070479,1
101,7.550257539749145,0.10021921985068113,1.985839033126831,0.02243467636547941,0.01,0.001,poly,"{'C': 0.01, 'gamma': 0.001, 'kernel': 'poly'}",0.939,0.924,0.934,0.941,0.932,0.9339999999999999,0.005966573556070479,1
9,7.480993413925171,0.07737197461151428,1.9596491813659669,0.01959583232209506,1e-05,0.01,poly,"{'C': 1e-05, 'gamma': 0.01, 'kernel': 'poly'}",0.939,0.924,0.934,0.941,0.932,0.9339999999999999,0.005966573556070479,1
249,7.522732305526733,0.030873655770904423,1.9835556030273438,0.034715932274916816,100,0.9,poly,"{'C': 100, 'gamma': 0.9, 'kernel': 'poly'}",0.939,0.924,0.934,0.941,0.932,0.9339999999999999,0.005966573556070479,1
201,7.548985767364502,0.09362449911912399,1.988956594467163,0.019640517615316076,10,0.01,poly,"{'C': 10, 'gamma': 0.01, 'kernel': 'poly'}",0.939,0.924,0.934,0.941,0.932,0.9339999999999999,0.005966573556070479,1
89,7.728615760803223,0.10796861106362106,2.041717195510864,0.036270066568652996,0.001,0.9,poly,"{'C': 0.001, 'gamma': 0.9, 'kernel': 'poly'}",0.939,0.924,0.934,0.941,0.932,0.9339999999999999,0.005966573556070479,1
13,7.407195520401001,0.11535306573476613,1.9800587177276612,0.04823005829100099,1e-05,0.1,poly,"{'C': 1e-05, 'gamma': 0.1, 'kernel': 'poly'}",0.939,0.924,0.934,0.941,0.932,0.9339999999999999,0.005966573556070479,1
105,7.51725811958313,0.06327837211614981,1.9546408176422119,0.032969994754604985,0.01,0.01,poly,"{'C': 0.01, 'gamma': 0.01, 'kernel': 'poly'}",0.939,0.924,0.934,0.941,0.932,0.9339999999999999,0.005966573556070479,1
197,7.556682062149048,0.05871294803750172,1.9990910530090331,0.03692950974837339,10,0.001,poly,"{'C': 10, 'gamma': 0.001, 'kernel': 'poly'}",0.939,0.924,0.934,0.941,0.932,0.9339999999999999,0.005966573556070479,1
221,7.542414045333862,0.027276431529217837,1.9939249992370605,0.05299943991168914,10,1.0,poly,"{'C': 10, 'gamma': 1.0, 'kernel': 'poly'}",0.939,0.924,0.934,0.941,0.932,0.9339999999999999,0.005966573556070479,1
169,7.520399761199951,0.011314140276910491,1.9744826793670653,0.04133640331556939,1,0.01,poly,"{'C': 1, 'gamma': 0.01, 'kernel': 'poly'}",0.939,0.924,0.934,0.941,0.932,0.9339999999999999,0.005966573556070479,1
17,7.521885204315185,0.07846853310751434,1.9823845863342284,0.03292582822464883,1e-05,0.5,poly,"{'C': 1e-05, 'gamma': 0.5, 'kernel': 'poly'}",0.939,0.924,0.934,0.941,0.932,0.9339999999999999,0.005966573556070479,1
81,7.7629753112792965,0.07989720192158431,2.009915018081665,0.05228551189836746,0.001,0.5,poly,"{'C': 0.001, 'gamma': 0.5, 'kernel': 'poly'}",0.939,0.924,0.934,0.941,0.932,0.9339999999999999,0.005966573556070479,1
157,7.537357139587402,0.06414320238799708,1.9812497615814209,0.03600168437146577,0.1,1.0,poly,"{'C': 0.1, 'gamma': 1.0, 'kernel': 'poly'}",0.939,0.924,0.934,0.941,0.932,0.9339999999999999,0.005966573556070479,1
241,7.475679874420166,0.047450022655500586,1.9882098197937013,0.017712837125491224,100,0.5,poly,"{'C': 100, 'gamma': 0.5, 'kernel': 'poly'}",0.939,0.924,0.934,0.941,0.932,0.9339999999999999,0.005966573556070479,1
25,7.570571565628052,0.032204980714213405,2.0123635292053224,0.05346203370644526,1e-05,0.9,poly,"{'C': 1e-05, 'gamma': 0.9, 'kernel': 'poly'}",0.939,0.924,0.934,0.941,0.932,0.9339999999999999,0.005966573556070479,1
109,7.502981233596802,0.07232546358301375,1.9732431888580322,0.0320223413076655,0.01,0.1,poly,"{'C': 0.01, 'gamma': 0.1, 'kernel': 'poly'}",0.939,0.924,0.934,0.941,0.932,0.9339999999999999,0.005966573556070479,1
209,7.566574573516846,0.05106019750501164,1.9693680286407471,0.032406961010452505,10,0.5,poly,"{'C': 10, 'gamma': 0.5, 'kernel': 'poly'}",0.939,0.924,0.934,0.941,0.932,0.9339999999999999,0.005966573556070479,1
153,7.552790117263794,0.09029498725662352,2.0030137062072755,0.04384966249595788,0.1,0.9,poly,"{'C': 0.1, 'gamma': 0.9, 'kernel': 'poly'}",0.939,0.924,0.934,0.941,0.932,0.9339999999999999,0.005966573556070479,1
149,7.528715658187866,0.07273517317354512,1.9808621883392334,0.05781182138432281,0.1,0.7,poly,"{'C': 0.1, 'gamma': 0.7, 'kernel': 'poly'}",0.939,0.924,0.933,0.941,0.932,0.9338000000000001,0.0059799665550903805,57
117,7.658679819107055,0.04745146547544428,2.0388722896575926,0.04283863186270973,0.01,0.7,poly,"{'C': 0.01, 'gamma': 0.7, 'kernel': 'poly'}",0.939,0.924,0.933,0.941,0.932,0.9338000000000001,0.0059799665550903805,57
53,7.52812442779541,0.027429937041862307,1.987863254547119,0.023800742639513938,0.0001,0.7,poly,"{'C': 0.0001, 'gamma': 0.7, 'kernel': 'poly'}",0.939,0.924,0.933,0.941,0.932,0.9338000000000001,0.0059799665550903805,57
85,8.043914794921875,0.12485057621712453,2.1213517665863035,0.09860851849491406,0.001,0.7,poly,"{'C': 0.001, 'gamma': 0.7, 'kernel': 'poly'}",0.939,0.924,0.933,0.941,0.932,0.9338000000000001,0.0059799665550903805,57
181,7.608551740646362,0.05407947404859506,2.005034828186035,0.0423701774810691,1,0.7,poly,"{'C': 1, 'gamma': 0.7, 'kernel': 'poly'}",0.939,0.924,0.933,0.941,0.932,0.9338000000000001,0.0059799665550903805,57
245,7.548346376419067,0.04973996318100359,1.982105302810669,0.040919913535649124,100,0.7,poly,"{'C': 100, 'gamma': 0.7, 'kernel': 'poly'}",0.939,0.924,0.933,0.941,0.932,0.9338000000000001,0.0059799665550903805,57
21,7.5697794437408445,0.03864438151138789,2.0061862468719482,0.020041472724638333,1e-05,0.7,poly,"{'C': 1e-05, 'gamma': 0.7, 'kernel': 'poly'}",0.939,0.924,0.933,0.941,0.932,0.9338000000000001,0.0059799665550903805,57
213,7.513312768936157,0.10944527846857773,1.9605739116668701,0.021654831783136888,10,0.7,poly,"{'C': 10, 'gamma': 0.7, 'kernel': 'poly'}",0.939,0.924,0.933,0.941,0.932,0.9338000000000001,0.0059799665550903805,57
0,5.337131690979004,0.06417285347801208,2.203960657119751,0.04938593368327639,1e-05,0.0001,linear,"{'C': 1e-05, 'gamma': 0.0001, 'kernel': 'linear'}",0.897,0.9,0.899,0.901,0.904,0.9002000000000001,0.002315167380558047,65
4,5.30633773803711,0.04830577114752662,2.204003858566284,0.049165827022018126,1e-05,0.001,linear,"{'C': 1e-05, 'gamma': 0.001, 'kernel': 'linear'}",0.897,0.9,0.899,0.901,0.904,0.9002000000000001,0.002315167380558047,65
8,5.490843343734741,0.10945870108417183,2.2194562911987306,0.05043382378592647,1e-05,0.01,linear,"{'C': 1e-05, 'gamma': 0.01, 'kernel': 'linear'}",0.897,0.9,0.899,0.901,0.904,0.9002000000000001,0.002315167380558047,65
12,5.307007598876953,0.1118277848112743,2.176844263076782,0.030919902244557835,1e-05,0.1,linear,"{'C': 1e-05, 'gamma': 0.1, 'kernel': 'linear'}",0.897,0.9,0.899,0.901,0.904,0.9002000000000001,0.002315167380558047,65
16,5.338279390335083,0.09214321874899711,2.1723207950592043,0.046215948720893796,1e-05,0.5,linear,"{'C': 1e-05, 'gamma': 0.5, 'kernel': 'linear'}",0.897,0.9,0.899,0.901,0.904,0.9002000000000001,0.002315167380558047,65
20,5.425067281723022,0.08023347651568136,2.198859453201294,0.03428511474128128,1e-05,0.7,linear,"{'C': 1e-05, 'gamma': 0.7, 'kernel': 'linear'}",0.897,0.9,0.899,0.901,0.904,0.9002000000000001,0.002315167380558047,65
24,5.443379926681518,0.06173920923287833,2.211957406997681,0.009625281171167711,1e-05,0.9,linear,"{'C': 1e-05, 'gamma': 0.9, 'kernel': 'linear'}",0.897,0.9,0.899,0.901,0.904,0.9002000000000001,0.002315167380558047,65
28,5.463380336761475,0.041073700166968465,2.2211573123931885,0.06338704396353315,1e-05,1.0,linear,"{'C': 1e-05, 'gamma': 1.0, 'kernel': 'linear'}",0.897,0.9,0.899,0.901,0.904,0.9002000000000001,0.002315167380558047,65
188,5.371297407150268,0.06697331121157661,2.225753116607666,0.03314110321282203,1,1.0,linear,"{'C': 1, 'gamma': 1.0, 'kernel': 'linear'}",0.898,0.9,0.899,0.897,0.904,0.8996000000000001,0.0024166091947189165,73
100,5.707708311080933,0.2641000585404862,2.2264121055603026,0.02951038578960346,0.01,0.001,linear,"{'C': 0.01, 'gamma': 0.001, 'kernel': 'linear'}",0.898,0.9,0.899,0.897,0.904,0.8996000000000001,0.0024166091947189165,73
164,5.358500862121582,0.08737543117238429,2.205702066421509,0.03676314459854936,1,0.001,linear,"{'C': 1, 'gamma': 0.001, 'kernel': 'linear'}",0.898,0.9,0.899,0.897,0.904,0.8996000000000001,0.0024166091947189165,73
160,5.367705583572388,0.02646069125208513,2.215032196044922,0.03700310301221441,1,0.0001,linear,"{'C': 1, 'gamma': 0.0001, 'kernel': 'linear'}",0.898,0.9,0.899,0.897,0.904,0.8996000000000001,0.0024166091947189165,73
104,5.372514486312866,0.046162929294642246,2.222909450531006,0.03730267115511183,0.01,0.01,linear,"{'C': 0.01, 'gamma': 0.01, 'kernel': 'linear'}",0.898,0.9,0.899,0.897,0.904,0.8996000000000001,0.0024166091947189165,73
172,5.370596981048584,0.07986537073913665,2.2345033168792723,0.038785805688922884,1,0.1,linear,"{'C': 1, 'gamma': 0.1, 'kernel': 'linear'}",0.898,0.9,0.899,0.897,0.904,0.8996000000000001,0.0024166091947189165,73
200,5.41264705657959,0.09470893885025482,2.2223658084869387,0.03278908259728128,10,0.01,linear,"{'C': 10, 'gamma': 0.01, 'kernel': 'linear'}",0.898,0.9,0.899,0.897,0.904,0.8996000000000001,0.0024166091947189165,73
108,5.410644817352295,0.038009209837914594,2.1885916233062743,0.026734539357983873,0.01,0.1,linear,"{'C': 0.01, 'gamma': 0.1, 'kernel': 'linear'}",0.898,0.9,0.899,0.897,0.904,0.8996000000000001,0.0024166091947189165,73
156,5.372481107711792,0.08347839165946037,2.2131080627441406,0.04032622628407874,0.1,1.0,linear,"{'C': 0.1, 'gamma': 1.0, 'kernel': 'linear'}",0.898,0.9,0.899,0.897,0.904,0.8996000000000001,0.0024166091947189165,73
152,5.369997978210449,0.07654236079208271,2.2091803550720215,0.033280378662931626,0.1,0.9,linear,"{'C': 0.1, 'gamma': 0.9, 'kernel': 'linear'}",0.898,0.9,0.899,0.897,0.904,0.8996000000000001,0.0024166091947189165,73
176,5.362302303314209,0.03548923317511456,2.2037147521972655,0.034678194724186866,1,0.5,linear,"{'C': 1, 'gamma': 0.5, 'kernel': 'linear'}",0.898,0.9,0.899,0.897,0.904,0.8996000000000001,0.0024166091947189165,73
112,5.474975967407227,0.039872548938310146,2.2427824974060058,0.03038092726665441,0.01,0.5,linear,"{'C': 0.01, 'gamma': 0.5, 'kernel': 'linear'}",0.898,0.9,0.899,0.897,0.904,0.8996000000000001,0.0024166091947189165,73
148,5.373178958892822,0.04041103026180893,2.213963031768799,0.032450446182880496,0.1,0.7,linear,"{'C': 0.1, 'gamma': 0.7, 'kernel': 'linear'}",0.898,0.9,0.899,0.897,0.904,0.8996000000000001,0.0024166091947189165,73
144,5.425157833099365,0.02000457965516664,2.225875425338745,0.03864444570799058,0.1,0.5,linear,"{'C': 0.1, 'gamma': 0.5, 'kernel': 'linear'}",0.898,0.9,0.899,0.897,0.904,0.8996000000000001,0.0024166091947189165,73
196,5.379769659042358,0.08426619557813148,2.2313979625701905,0.03829514067914841,10,0.001,linear,"{'C': 10, 'gamma': 0.001, 'kernel': 'linear'}",0.898,0.9,0.899,0.897,0.904,0.8996000000000001,0.0024166091947189165,73
116,5.5170379161834715,0.10051529243615474,2.2514297008514403,0.034206376205426825,0.01,0.7,linear,"{'C': 0.01, 'gamma': 0.7, 'kernel': 'linear'}",0.898,0.9,0.899,0.897,0.904,0.8996000000000001,0.0024166091947189165,73
180,5.409641551971435,0.07829146913513838,2.2118239402770996,0.03639302425507523,1,0.7,linear,"{'C': 1, 'gamma': 0.7, 'kernel': 'linear'}",0.898,0.9,0.899,0.897,0.904,0.8996000000000001,0.0024166091947189165,73
140,5.403688621520996,0.062049514736088746,2.2170630931854247,0.03718706025165027,0.1,0.1,linear,"{'C': 0.1, 'gamma': 0.1, 'kernel': 'linear'}",0.898,0.9,0.899,0.897,0.904,0.8996000000000001,0.0024166091947189165,73
136,5.361469984054565,0.11642359168330656,2.234564781188965,0.02373658828206891,0.1,0.01,linear,"{'C': 0.1, 'gamma': 0.01, 'kernel': 'linear'}",0.898,0.9,0.899,0.897,0.904,0.8996000000000001,0.0024166091947189165,73
204,5.409058141708374,0.09002196535502018,2.218770408630371,0.026860267235867537,10,0.1,linear,"{'C': 10, 'gamma': 0.1, 'kernel': 'linear'}",0.898,0.9,0.899,0.897,0.904,0.8996000000000001,0.0024166091947189165,73
132,5.412482976913452,0.04299669811919462,2.2237884521484377,0.03904622513109191,0.1,0.001,linear,"{'C': 0.1, 'gamma': 0.001, 'kernel': 'linear'}",0.898,0.9,0.899,0.897,0.904,0.8996000000000001,0.0024166091947189165,73
192,5.382586288452148,0.06788967626107649,2.213119316101074,0.032030588261075056,10,0.0001,linear,"{'C': 10, 'gamma': 0.0001, 'kernel': 'linear'}",0.898,0.9,0.899,0.897,0.904,0.8996000000000001,0.0024166091947189165,73
120,5.383453798294068,0.06708834310579387,2.2136306762695312,0.028984104209441704,0.01,0.9,linear,"{'C': 0.01, 'gamma': 0.9, 'kernel': 'linear'}",0.898,0.9,0.899,0.897,0.904,0.8996000000000001,0.0024166091947189165,73
128,5.399207639694214,0.0610081120697091,2.214624452590942,0.018866961846170847,0.1,0.0001,linear,"{'C': 0.1, 'gamma': 0.0001, 'kernel': 'linear'}",0.898,0.9,0.899,0.897,0.904,0.8996000000000001,0.0024166091947189165,73
124,5.401584053039551,0.021812756468073895,2.2261878490447997,0.023947052088215435,0.01,1.0,linear,"{'C': 0.01, 'gamma': 1.0, 'kernel': 'linear'}",0.898,0.9,0.899,0.897,0.904,0.8996000000000001,0.0024166091947189165,73
184,5.379561901092529,0.035165916622987264,2.2255545616149903,0.04318904915814538,1,0.9,linear,"{'C': 1, 'gamma': 0.9, 'kernel': 'linear'}",0.898,0.9,0.899,0.897,0.904,0.8996000000000001,0.0024166091947189165,73
168,5.3776007175445555,0.018485258293754983,2.2076770782470705,0.0308401617392614,1,0.01,linear,"{'C': 1, 'gamma': 0.01, 'kernel': 'linear'}",0.898,0.9,0.899,0.897,0.904,0.8996000000000001,0.0024166091947189165,73
52,5.545095586776734,0.2097272359114951,2.220839834213257,0.03152731367604883,0.0001,0.7,linear,"{'C': 0.0001, 'gamma': 0.7, 'kernel': 'linear'}",0.898,0.9,0.899,0.897,0.904,0.8996000000000001,0.0024166091947189165,73
232,5.501218605041504,0.15628854977517645,2.2997610569000244,0.05871459082003599,100,0.01,linear,"{'C': 100, 'gamma': 0.01, 'kernel': 'linear'}",0.898,0.9,0.899,0.897,0.904,0.8996000000000001,0.0024166091947189165,73
220,5.3761156558990475,0.09949965743766259,2.2206652641296385,0.04142594659371603,10,1.0,linear,"{'C': 10, 'gamma': 1.0, 'kernel': 'linear'}",0.898,0.9,0.899,0.897,0.904,0.8996000000000001,0.0024166091947189165,73
64,5.505310916900635,0.03987144954876035,2.2839542865753173,0.0508527537789241,0.001,0.0001,linear,"{'C': 0.001, 'gamma': 0.0001, 'kernel': 'linear'}",0.898,0.9,0.899,0.897,0.904,0.8996000000000001,0.0024166091947189165,73
240,5.424420404434204,0.06400678368875172,2.2113052368164063,0.027557477994497336,100,0.5,linear,"{'C': 100, 'gamma': 0.5, 'kernel': 'linear'}",0.898,0.9,0.899,0.897,0.904,0.8996000000000001,0.0024166091947189165,73
60,5.592265224456787,0.08601459859058663,2.3035634040832518,0.09828383100891598,0.0001,1.0,linear,"{'C': 0.0001, 'gamma': 1.0, 'kernel': 'linear'}",0.898,0.9,0.899,0.897,0.904,0.8996000000000001,0.0024166091947189165,73
224,5.383839750289917,0.056774585599678365,2.2198649883270263,0.033561560167991,100,0.0001,linear,"{'C': 100, 'gamma': 0.0001, 'kernel': 'linear'}",0.898,0.9,0.899,0.897,0.904,0.8996000000000001,0.0024166091947189165,73
68,5.768092632293701,0.08114596613044234,2.288749647140503,0.07333179330847682,0.001,0.001,linear,"{'C': 0.001, 'gamma': 0.001, 'kernel': 'linear'}",0.898,0.9,0.899,0.897,0.904,0.8996000000000001,0.0024166091947189165,73
56,6.000178718566895,0.22795994268863945,2.3663275241851807,0.05489759368161633,0.0001,0.9,linear,"{'C': 0.0001, 'gamma': 0.9, 'kernel': 'linear'}",0.898,0.9,0.899,0.897,0.904,0.8996000000000001,0.0024166091947189165,73
236,5.615928792953492,0.14932288038408714,2.2878186225891115,0.03877691361617232,100,0.1,linear,"{'C': 100, 'gamma': 0.1, 'kernel': 'linear'}",0.898,0.9,0.899,0.897,0.904,0.8996000000000001,0.0024166091947189165,73
96,5.67531270980835,0.1704777468657032,2.4029850482940676,0.04386533421340011,0.01,0.0001,linear,"{'C': 0.01, 'gamma': 0.0001, 'kernel': 'linear'}",0.898,0.9,0.899,0.897,0.904,0.8996000000000001,0.0024166091947189165,73
228,5.593587017059326,0.12893302681690919,2.246835803985596,0.03425163517610485,100,0.001,linear,"{'C': 100, 'gamma': 0.001, 'kernel': 'linear'}",0.898,0.9,0.899,0.897,0.904,0.8996000000000001,0.0024166091947189165,73
48,5.315197277069092,0.07503250898161455,2.197390651702881,0.036047665709468,0.0001,0.5,linear,"{'C': 0.0001, 'gamma': 0.5, 'kernel': 'linear'}",0.898,0.9,0.899,0.897,0.904,0.8996000000000001,0.0024166091947189165,73
36,5.334947919845581,0.10711833967063045,2.207827854156494,0.02753342524084943,0.0001,0.001,linear,"{'C': 0.0001, 'gamma': 0.001, 'kernel': 'linear'}",0.898,0.9,0.899,0.897,0.904,0.8996000000000001,0.0024166091947189165,73
44,5.307335329055786,0.06749643372286937,2.1991766929626464,0.028604318009883264,0.0001,0.1,linear,"{'C': 0.0001, 'gamma': 0.1, 'kernel': 'linear'}",0.898,0.9,0.899,0.897,0.904,0.8996000000000001,0.0024166091947189165,73
32,5.426121425628662,0.07166301429056797,2.228779649734497,0.026915390726618475,0.0001,0.0001,linear,"{'C': 0.0001, 'gamma': 0.0001, 'kernel': 'linear'}",0.898,0.9,0.899,0.897,0.904,0.8996000000000001,0.0024166091947189165,73
72,5.489955997467041,0.09660971691034327,2.250171947479248,0.046691740488635065,0.001,0.01,linear,"{'C': 0.001, 'gamma': 0.01, 'kernel': 'linear'}",0.898,0.9,0.899,0.897,0.904,0.8996000000000001,0.0024166091947189165,73
40,5.304444599151611,0.07565247597224047,2.1945748805999754,0.04999023566934005,0.0001,0.01,linear,"{'C': 0.0001, 'gamma': 0.01, 'kernel': 'linear'}",0.898,0.9,0.899,0.897,0.904,0.8996000000000001,0.0024166091947189165,73
244,5.3790487289428714,0.10531304077079423,2.209771966934204,0.026457831832565268,100,0.7,linear,"{'C': 100, 'gamma': 0.7, 'kernel': 'linear'}",0.898,0.9,0.899,0.897,0.904,0.8996000000000001,0.0024166091947189165,73
252,5.385658311843872,0.04204696987837661,2.205785131454468,0.03382795962551998,100,1.0,linear,"{'C': 100, 'gamma': 1.0, 'kernel': 'linear'}",0.898,0.9,0.899,0.897,0.904,0.8996000000000001,0.0024166091947189165,73
76,5.451324605941773,0.044871417314153464,2.258008623123169,0.04350546994035661,0.001,0.1,linear,"{'C': 0.001, 'gamma': 0.1, 'kernel': 'linear'}",0.898,0.9,0.899,0.897,0.904,0.8996000000000001,0.0024166091947189165,73
92,5.396044778823852,0.054220547137278946,2.2157803535461427,0.023350425593678274,0.001,1.0,linear,"{'C': 0.001, 'gamma': 1.0, 'kernel': 'linear'}",0.898,0.9,0.899,0.897,0.904,0.8996000000000001,0.0024166091947189165,73
80,5.512418031692505,0.09421144371762183,2.2256667137146,0.04165311069549789,0.001,0.5,linear,"{'C': 0.001, 'gamma': 0.5, 'kernel': 'linear'}",0.898,0.9,0.899,0.897,0.904,0.8996000000000001,0.0024166091947189165,73
248,5.3646728038787845,0.04914252625869657,2.199156713485718,0.04743776708884865,100,0.9,linear,"{'C': 100, 'gamma': 0.9, 'kernel': 'linear'}",0.898,0.9,0.899,0.897,0.904,0.8996000000000001,0.0024166091947189165,73
212,5.378041315078735,0.06588876313451811,2.205130195617676,0.028454963069922786,10,0.7,linear,"{'C': 10, 'gamma': 0.7, 'kernel': 'linear'}",0.898,0.9,0.899,0.897,0.904,0.8996000000000001,0.0024166091947189165,73
84,5.575252056121826,0.05525316649665121,2.317904329299927,0.059131094230477,0.001,0.7,linear,"{'C': 0.001, 'gamma': 0.7, 'kernel': 'linear'}",0.898,0.9,0.899,0.897,0.904,0.8996000000000001,0.0024166091947189165,73
216,5.395926380157471,0.06297008353523174,2.212118625640869,0.026836707877833998,10,0.9,linear,"{'C': 10, 'gamma': 0.9, 'kernel': 'linear'}",0.898,0.9,0.899,0.897,0.904,0.8996000000000001,0.0024166091947189165,73
208,5.373259973526001,0.08020544921349727,2.2149099349975585,0.03831569551793609,10,0.5,linear,"{'C': 10, 'gamma': 0.5, 'kernel': 'linear'}",0.898,0.9,0.899,0.897,0.904,0.8996000000000001,0.0024166091947189165,73
88,5.497889518737793,0.06939901015846893,2.226308488845825,0.02739161907131936,0.001,0.9,linear,"{'C': 0.001, 'gamma': 0.9, 'kernel': 'linear'}",0.898,0.9,0.899,0.897,0.904,0.8996000000000001,0.0024166091947189165,73
235,43.748763942718504,0.9380016904178929,5.855299806594848,0.1147951457716016,100,0.01,sigmoid,"{'C': 100, 'gamma': 0.01, 'kernel': 'sigmoid'}",0.112,0.111,0.111,0.112,0.112,0.1116,0.000489897948556636,129
179,42.653322315216066,0.17225147482283476,5.709081554412842,0.07490528204817862,1,0.5,sigmoid,"{'C': 1, 'gamma': 0.5, 'kernel': 'sigmoid'}",0.112,0.111,0.111,0.112,0.112,0.1116,0.000489897948556636,129
178,45.99085574150085,0.08017575184087525,6.195073843002319,0.03661554368500287,1,0.5,rbf,"{'C': 1, 'gamma': 0.5, 'kernel': 'rbf'}",0.112,0.111,0.111,0.112,0.112,0.1116,0.000489897948556636,129
251,42.623094367980954,0.23087899353220334,5.729389953613281,0.06659198172039753,100,0.9,sigmoid,"{'C': 100, 'gamma': 0.9, 'kernel': 'sigmoid'}",0.112,0.111,0.111,0.112,0.112,0.1116,0.000489897948556636,129
170,45.94926323890686,0.12485013385170579,6.211320543289185,0.04423663024048319,1,0.01,rbf,"{'C': 1, 'gamma': 0.01, 'kernel': 'rbf'}",0.112,0.111,0.111,0.112,0.112,0.1116,0.000489897948556636,129
250,45.91828203201294,0.11811313458538997,6.176820278167725,0.04808793368039042,100,0.9,rbf,"{'C': 100, 'gamma': 0.9, 'kernel': 'rbf'}",0.112,0.111,0.111,0.112,0.112,0.1116,0.000489897948556636,129
238,46.75354976654053,0.18666443384706435,6.1499158382415775,0.04637229200155982,100,0.1,rbf,"{'C': 100, 'gamma': 0.1, 'kernel': 'rbf'}",0.112,0.111,0.111,0.112,0.112,0.1116,0.000489897948556636,129
239,42.83613839149475,0.20555492023543206,5.72300386428833,0.03150926725419606,100,0.1,sigmoid,"{'C': 100, 'gamma': 0.1, 'kernel': 'sigmoid'}",0.112,0.111,0.111,0.112,0.112,0.1116,0.000489897948556636,129
242,45.9860107421875,0.10631686744210114,6.1635322093963625,0.04096854815492482,100,0.5,rbf,"{'C': 100, 'gamma': 0.5, 'kernel': 'rbf'}",0.112,0.111,0.111,0.112,0.112,0.1116,0.000489897948556636,129
175,42.61515126228333,0.2226264399689721,5.704118490219116,0.038297261023556975,1,0.1,sigmoid,"{'C': 1, 'gamma': 0.1, 'kernel': 'sigmoid'}",0.112,0.111,0.111,0.112,0.112,0.1116,0.000489897948556636,129
247,42.75763697624207,0.21180608787447686,5.69789080619812,0.07068726243004,100,0.7,sigmoid,"{'C': 100, 'gamma': 0.7, 'kernel': 'sigmoid'}",0.112,0.111,0.111,0.112,0.112,0.1116,0.000489897948556636,129
246,45.882076787948606,0.1184038086924982,6.173800325393676,0.03476032556528155,100,0.7,rbf,"{'C': 100, 'gamma': 0.7, 'kernel': 'rbf'}",0.112,0.111,0.111,0.112,0.112,0.1116,0.000489897948556636,129
243,42.72009916305542,0.08207638729054625,5.689202404022216,0.07286574273959515,100,0.5,sigmoid,"{'C': 100, 'gamma': 0.5, 'kernel': 'sigmoid'}",0.112,0.111,0.111,0.112,0.112,0.1116,0.000489897948556636,129
171,42.757580852508546,0.1482525793775473,5.676283550262451,0.060269552088068466,1,0.01,sigmoid,"{'C': 1, 'gamma': 0.01, 'kernel': 'sigmoid'}",0.112,0.111,0.111,0.112,0.112,0.1116,0.000489897948556636,129
174,45.9091224193573,0.17869215619690826,6.159241485595703,0.027725979870299976,1,0.1,rbf,"{'C': 1, 'gamma': 0.1, 'kernel': 'rbf'}",0.112,0.111,0.111,0.112,0.112,0.1116,0.000489897948556636,129
203,42.711825132369995,0.09354841136978961,5.75368914604187,0.056001323886330355,10,0.01,sigmoid,"{'C': 10, 'gamma': 0.01, 'kernel': 'sigmoid'}",0.112,0.111,0.111,0.112,0.112,0.1116,0.000489897948556636,129
182,46.0556969165802,0.2398205820171216,6.162757635116577,0.04378634392992447,1,0.7,rbf,"{'C': 1, 'gamma': 0.7, 'kernel': 'rbf'}",0.112,0.111,0.111,0.112,0.112,0.1116,0.000489897948556636,129
206,45.949428749084475,0.1552818651451441,6.194730567932129,0.07443067064112996,10,0.1,rbf,"{'C': 10, 'gamma': 0.1, 'kernel': 'rbf'}",0.112,0.111,0.111,0.112,0.112,0.1116,0.000489897948556636,129
202,45.9992018699646,0.15025781935063964,6.204515790939331,0.0439811858328667,10,0.01,rbf,"{'C': 10, 'gamma': 0.01, 'kernel': 'rbf'}",0.112,0.111,0.111,0.112,0.112,0.1116,0.000489897948556636,129
207,42.75874266624451,0.15362868861643802,5.7142682552337645,0.05235367942069247,10,0.1,sigmoid,"{'C': 10, 'gamma': 0.1, 'kernel': 'sigmoid'}",0.112,0.111,0.111,0.112,0.112,0.1116,0.000489897948556636,129
210,46.102742958068845,0.23589979863958496,6.230153942108155,0.08759420953501508,10,0.5,rbf,"{'C': 10, 'gamma': 0.5, 'kernel': 'rbf'}",0.112,0.111,0.111,0.112,0.112,0.1116,0.000489897948556636,129
199,42.90280818939209,0.27304496868252437,5.7473695278167725,0.06394848555938748,10,0.001,sigmoid,"{'C': 10, 'gamma': 0.001, 'kernel': 'sigmoid'}",0.112,0.111,0.111,0.112,0.112,0.1116,0.000489897948556636,129
198,46.003345537185666,0.1520379851144231,6.196736860275268,0.04755252906158099,10,0.001,rbf,"{'C': 10, 'gamma': 0.001, 'kernel': 'rbf'}",0.112,0.111,0.111,0.112,0.112,0.1116,0.000489897948556636,129
214,46.6052487373352,0.059503511360860954,6.173510885238647,0.03510969440566336,10,0.7,rbf,"{'C': 10, 'gamma': 0.7, 'kernel': 'rbf'}",0.112,0.111,0.111,0.112,0.112,0.1116,0.000489897948556636,129
215,43.15530300140381,0.2781829257992848,5.719782590866089,0.06244142055270688,10,0.7,sigmoid,"{'C': 10, 'gamma': 0.7, 'kernel': 'sigmoid'}",0.112,0.111,0.111,0.112,0.112,0.1116,0.000489897948556636,129
194,45.75396842956543,0.139047297021356,6.198881578445435,0.038777707409682546,10,0.0001,rbf,"{'C': 10, 'gamma': 0.0001, 'kernel': 'rbf'}",0.112,0.111,0.111,0.112,0.112,0.1116,0.000489897948556636,129
218,45.99870772361756,0.14672449967296192,6.187737512588501,0.027212585645450142,10,0.9,rbf,"{'C': 10, 'gamma': 0.9, 'kernel': 'rbf'}",0.112,0.111,0.111,0.112,0.112,0.1116,0.000489897948556636,129
219,42.80246272087097,0.18606176305258315,5.739863634109497,0.08412710012089536,10,0.9,sigmoid,"{'C': 10, 'gamma': 0.9, 'kernel': 'sigmoid'}",0.112,0.111,0.111,0.112,0.112,0.1116,0.000489897948556636,129
191,42.87967214584351,0.38402708831065385,5.735756587982178,0.05702707129176391,1,1.0,sigmoid,"{'C': 1, 'gamma': 1.0, 'kernel': 'sigmoid'}",0.112,0.111,0.111,0.112,0.112,0.1116,0.000489897948556636,129
190,45.920577907562254,0.18929351553245521,6.174553394317627,0.04313675333925865,1,1.0,rbf,"{'C': 1, 'gamma': 1.0, 'kernel': 'rbf'}",0.112,0.111,0.111,0.112,0.112,0.1116,0.000489897948556636,129
222,45.822197151184085,0.1675478408422061,6.169399309158325,0.05248632123519297,10,1.0,rbf,"{'C': 10, 'gamma': 1.0, 'kernel': 'rbf'}",0.112,0.111,0.111,0.112,0.112,0.1116,0.000489897948556636,129
223,42.725307416915896,0.23176997101325525,5.703091859817505,0.03331408976660827,10,1.0,sigmoid,"{'C': 10, 'gamma': 1.0, 'kernel': 'sigmoid'}",0.112,0.111,0.111,0.112,0.112,0.1116,0.000489897948556636,129
187,42.84207873344421,0.2904559666442908,5.7171844959259035,0.08364269799790011,1,0.9,sigmoid,"{'C': 1, 'gamma': 0.9, 'kernel': 'sigmoid'}",0.112,0.111,0.111,0.112,0.112,0.1116,0.000489897948556636,129
186,45.95644288063049,0.18373590825460756,6.206084728240967,0.04965369917357803,1,0.9,rbf,"{'C': 1, 'gamma': 0.9, 'kernel': 'rbf'}",0.112,0.111,0.111,0.112,0.112,0.1116,0.000489897948556636,129
226,47.36752095222473,0.15045938073969445,6.5079670429229735,0.048286771627494555,100,0.0001,rbf,"{'C': 100, 'gamma': 0.0001, 'kernel': 'rbf'}",0.112,0.111,0.111,0.112,0.112,0.1116,0.000489897948556636,129
230,45.88912420272827,0.24117551403352736,6.215465116500854,0.06624101306575612,100,0.001,rbf,"{'C': 100, 'gamma': 0.001, 'kernel': 'rbf'}",0.112,0.111,0.111,0.112,0.112,0.1116,0.000489897948556636,129
231,43.331460332870485,0.5948606259926044,5.82347526550293,0.18312697214547596,100,0.001,sigmoid,"{'C': 100, 'gamma': 0.001, 'kernel': 'sigmoid'}",0.112,0.111,0.111,0.112,0.112,0.1116,0.000489897948556636,129
183,42.69952688217163,0.16965484885331103,5.702581453323364,0.03933948473140605,1,0.7,sigmoid,"{'C': 1, 'gamma': 0.7, 'kernel': 'sigmoid'}",0.112,0.111,0.111,0.112,0.112,0.1116,0.000489897948556636,129
234,46.1428581237793,0.2574889802495629,6.195290660858154,0.11187013719807855,100,0.01,rbf,"{'C': 100, 'gamma': 0.01, 'kernel': 'rbf'}",0.112,0.111,0.111,0.112,0.112,0.1116,0.000489897948556636,129
211,42.84120931625366,0.09706509646133461,5.720522117614746,0.07038077563786374,10,0.5,sigmoid,"{'C': 10, 'gamma': 0.5, 'kernel': 'sigmoid'}",0.112,0.111,0.111,0.112,0.112,0.1116,0.000489897948556636,129
127,42.838914251327516,0.24509788737591082,5.7178679466247555,0.06838829409383002,0.01,1.0,sigmoid,"{'C': 0.01, 'gamma': 1.0, 'kernel': 'sigmoid'}",0.112,0.111,0.111,0.112,0.112,0.1116,0.000489897948556636,129
166,45.99645366668701,0.15170548682725704,6.17506742477417,0.021003024363710765,1,0.001,rbf,"{'C': 1, 'gamma': 0.001, 'kernel': 'rbf'}",0.112,0.111,0.111,0.112,0.112,0.1116,0.000489897948556636,129
46,43.86597442626953,0.18997391792767465,6.050869369506836,0.025174591138048714,0.0001,0.1,rbf,"{'C': 0.0001, 'gamma': 0.1, 'kernel': 'rbf'}",0.112,0.111,0.111,0.112,0.112,0.1116,0.000489897948556636,129
47,42.141578340530394,0.622283590446738,5.621257781982422,0.02554552958633015,0.0001,0.1,sigmoid,"{'C': 0.0001, 'gamma': 0.1, 'kernel': 'sigmoid'}",0.112,0.111,0.111,0.112,0.112,0.1116,0.000489897948556636,129
50,44.93287434577942,0.18897683819948857,6.2063172340393065,0.1345562295830913,0.0001,0.5,rbf,"{'C': 0.0001, 'gamma': 0.5, 'kernel': 'rbf'}",0.112,0.111,0.111,0.112,0.112,0.1116,0.000489897948556636,129
51,43.326171684265134,0.3671319288486786,5.764691019058228,0.10759437974023371,0.0001,0.5,sigmoid,"{'C': 0.0001, 'gamma': 0.5, 'kernel': 'sigmoid'}",0.112,0.111,0.111,0.112,0.112,0.1116,0.000489897948556636,129
54,44.89082922935486,0.10757366676942727,6.48438777923584,0.04925426342637436,0.0001,0.7,rbf,"{'C': 0.0001, 'gamma': 0.7, 'kernel': 'rbf'}",0.112,0.111,0.111,0.112,0.112,0.1116,0.000489897948556636,129
55,44.390357685089114,0.6656120687041005,5.8899096012115475,0.1901048484813479,0.0001,0.7,sigmoid,"{'C': 0.0001, 'gamma': 0.7, 'kernel': 'sigmoid'}",0.112,0.111,0.111,0.112,0.112,0.1116,0.000489897948556636,129
58,45.122820520401,0.2110419728542811,6.207404565811157,0.055607370985541166,0.0001,0.9,rbf,"{'C': 0.0001, 'gamma': 0.9, 'kernel': 'rbf'}",0.112,0.111,0.111,0.112,0.112,0.1116,0.000489897948556636,129
59,43.97825031280517,0.6898846034018027,6.178953504562378,0.1822517386890922,0.0001,0.9,sigmoid,"{'C': 0.0001, 'gamma': 0.9, 'kernel': 'sigmoid'}",0.112,0.111,0.111,0.112,0.112,0.1116,0.000489897948556636,129
62,46.53892707824707,0.1751835164023256,6.218634366989136,0.019736972462594985,0.0001,1.0,rbf,"{'C': 0.0001, 'gamma': 1.0, 'kernel': 'rbf'}",0.112,0.111,0.111,0.112,0.112,0.1116,0.000489897948556636,129
63,44.50847597122193,0.14481457370058548,5.84502944946289,0.22406554791040018,0.0001,1.0,sigmoid,"{'C': 0.0001, 'gamma': 1.0, 'kernel': 'sigmoid'}",0.112,0.111,0.111,0.112,0.112,0.1116,0.000489897948556636,129
66,46.21194424629211,0.10392567411095546,6.8310096740722654,0.07995635522620874,0.001,0.0001,rbf,"{'C': 0.001, 'gamma': 0.0001, 'kernel': 'rbf'}",0.112,0.111,0.111,0.112,0.112,0.1116,0.000489897948556636,129
67,45.028899574279784,0.609836300086163,5.763175630569458,0.17128324051237465,0.001,0.0001,sigmoid,"{'C': 0.001, 'gamma': 0.0001, 'kernel': 'sigmoid'}",0.112,0.111,0.111,0.112,0.112,0.1116,0.000489897948556636,129
70,47.33150806427002,0.08444579853526471,6.3397345542907715,0.021369681247570084,0.001,0.001,rbf,"{'C': 0.001, 'gamma': 0.001, 'kernel': 'rbf'}",0.112,0.111,0.111,0.112,0.112,0.1116,0.000489897948556636,129
71,44.20423274040222,0.14851000521860483,6.056254100799561,0.16317063127532538,0.001,0.001,sigmoid,"{'C': 0.001, 'gamma': 0.001, 'kernel': 'sigmoid'}",0.112,0.111,0.111,0.112,0.112,0.1116,0.000489897948556636,129
74,48.30498585700989,0.21971526953028103,6.348930501937867,0.02960852282424228,0.001,0.01,rbf,"{'C': 0.001, 'gamma': 0.01, 'kernel': 'rbf'}",0.112,0.111,0.111,0.112,0.112,0.1116,0.000489897948556636,129
75,44.41867060661316,0.31234783937019417,5.845013523101807,0.051933231169275,0.001,0.01,sigmoid,"{'C': 0.001, 'gamma': 0.01, 'kernel': 'sigmoid'}",0.112,0.111,0.111,0.112,0.112,0.1116,0.000489897948556636,129
78,48.23507356643677,0.20599053379839635,6.549915838241577,0.1271032895825891,0.001,0.1,rbf,"{'C': 0.001, 'gamma': 0.1, 'kernel': 'rbf'}",0.112,0.111,0.111,0.112,0.112,0.1116,0.000489897948556636,129
43,42.18967571258545,0.2295086645375195,5.653278636932373,0.046853513556333465,0.0001,0.01,sigmoid,"{'C': 0.0001, 'gamma': 0.01, 'kernel': 'sigmoid'}",0.112,0.111,0.111,0.112,0.112,0.1116,0.000489897948556636,129
42,44.05896310806274,0.21471737971612026,6.03579888343811,0.07511593128749755,0.0001,0.01,rbf,"{'C': 0.0001, 'gamma': 0.01, 'kernel': 'rbf'}",0.112,0.111,0.111,0.112,0.112,0.1116,0.000489897948556636,129
39,42.19311213493347,0.5019190544841541,5.651865863800049,0.08942897940042716,0.0001,0.001,sigmoid,"{'C': 0.0001, 'gamma': 0.001, 'kernel': 'sigmoid'}",0.112,0.111,0.111,0.112,0.112,0.1116,0.000489897948556636,129
38,44.60547189712524,0.14268067266721662,6.078799057006836,0.0562562458799377,0.0001,0.001,rbf,"{'C': 0.0001, 'gamma': 0.001, 'kernel': 'rbf'}",0.112,0.111,0.111,0.112,0.112,0.1116,0.000489897948556636,129
2,44.22651906013489,0.09055627273081795,6.130036020278931,0.06492536149882817,1e-05,0.0001,rbf,"{'C': 1e-05, 'gamma': 0.0001, 'kernel': 'rbf'}",0.112,0.111,0.111,0.112,0.112,0.1116,0.000489897948556636,129
3,42.51579308509827,0.2505533497698217,5.724337100982666,0.052849759141008645,1e-05,0.0001,sigmoid,"{'C': 1e-05, 'gamma': 0.0001, 'kernel': 'sigmoid'}",0.112,0.111,0.111,0.112,0.112,0.1116,0.000489897948556636,129
6,44.654874610900876,0.21496550087414087,6.082488584518432,0.034058050196802706,1e-05,0.001,rbf,"{'C': 1e-05, 'gamma': 0.001, 'kernel': 'rbf'}",0.112,0.111,0.111,0.112,0.112,0.1116,0.000489897948556636,129
7,42.83749933242798,0.23116171993914011,5.609833765029907,0.05477941261271414,1e-05,0.001,sigmoid,"{'C': 1e-05, 'gamma': 0.001, 'kernel': 'sigmoid'}",0.112,0.111,0.111,0.112,0.112,0.1116,0.000489897948556636,129
10,44.08608083724975,0.14194271585310947,6.024374151229859,0.07326968449441765,1e-05,0.01,rbf,"{'C': 1e-05, 'gamma': 0.01, 'kernel': 'rbf'}",0.112,0.111,0.111,0.112,0.112,0.1116,0.000489897948556636,129
11,42.13412380218506,0.16111211906954662,5.631725692749024,0.055130954682110274,1e-05,0.01,sigmoid,"{'C': 1e-05, 'gamma': 0.01, 'kernel': 'sigmoid'}",0.112,0.111,0.111,0.112,0.112,0.1116,0.000489897948556636,129
14,43.934477138519284,0.16281850056493818,6.019665622711182,0.07275618204575307,1e-05,0.1,rbf,"{'C': 1e-05, 'gamma': 0.1, 'kernel': 'rbf'}",0.112,0.111,0.111,0.112,0.112,0.1116,0.000489897948556636,129
15,42.36266574859619,0.6152632050941145,5.714253711700439,0.04817286303249053,1e-05,0.1,sigmoid,"{'C': 1e-05, 'gamma': 0.1, 'kernel': 'sigmoid'}",0.112,0.111,0.111,0.112,0.112,0.1116,0.000489897948556636,129
79,44.49509935379028,0.7830325557229483,5.924632215499878,0.07178027029734026,0.001,0.1,sigmoid,"{'C': 0.001, 'gamma': 0.1, 'kernel': 'sigmoid'}",0.112,0.111,0.111,0.112,0.112,0.1116,0.000489897948556636,129
18,44.96978349685669,0.11277878838326041,6.140884447097778,0.05490689945507304,1e-05,0.5,rbf,"{'C': 1e-05, 'gamma': 0.5, 'kernel': 'rbf'}",0.112,0.111,0.111,0.112,0.112,0.1116,0.000489897948556636,129
22,45.13223819732666,0.04598297768083247,6.24661431312561,0.04239505096349592,1e-05,0.7,rbf,"{'C': 1e-05, 'gamma': 0.7, 'kernel': 'rbf'}",0.112,0.111,0.111,0.112,0.112,0.1116,0.000489897948556636,129
23,43.26409554481506,0.21326726702187432,5.758933067321777,0.0612509431546815,1e-05,0.7,sigmoid,"{'C': 1e-05, 'gamma': 0.7, 'kernel': 'sigmoid'}",0.112,0.111,0.111,0.112,0.112,0.1116,0.000489897948556636,129
26,44.941145992279054,0.11253294708562815,6.142065048217773,0.07144633572969106,1e-05,0.9,rbf,"{'C': 1e-05, 'gamma': 0.9, 'kernel': 'rbf'}",0.112,0.111,0.111,0.112,0.112,0.1116,0.000489897948556636,129
27,43.32688121795654,0.15911012006042807,5.7021231174469,0.05353489923801226,1e-05,0.9,sigmoid,"{'C': 1e-05, 'gamma': 0.9, 'kernel': 'sigmoid'}",0.112,0.111,0.111,0.112,0.112,0.1116,0.000489897948556636,129
30,44.777951908111575,0.1246659294558323,6.110956335067749,0.060711313630537465,1e-05,1.0,rbf,"{'C': 1e-05, 'gamma': 1.0, 'kernel': 'rbf'}",0.112,0.111,0.111,0.112,0.112,0.1116,0.000489897948556636,129
31,42.74857869148254,0.1775033237642734,5.6960385799407955,0.10288109502477938,1e-05,1.0,sigmoid,"{'C': 1e-05, 'gamma': 1.0, 'kernel': 'sigmoid'}",0.112,0.111,0.111,0.112,0.112,0.1116,0.000489897948556636,129
34,43.52628598213196,0.12031487232366327,6.09674301147461,0.07699121774451279,0.0001,0.0001,rbf,"{'C': 0.0001, 'gamma': 0.0001, 'kernel': 'rbf'}",0.112,0.111,0.111,0.112,0.112,0.1116,0.000489897948556636,129
35,42.48180742263794,0.4039915026887134,5.718216037750244,0.07477031842201792,0.0001,0.0001,sigmoid,"{'C': 0.0001, 'gamma': 0.0001, 'kernel': 'sigmoid'}",0.112,0.111,0.111,0.112,0.112,0.1116,0.000489897948556636,129
19,43.083385133743285,0.13070405403341104,5.721661996841431,0.04799014967480742,1e-05,0.5,sigmoid,"{'C': 1e-05, 'gamma': 0.5, 'kernel': 'sigmoid'}",0.112,0.111,0.111,0.112,0.112,0.1116,0.000489897948556636,129
167,42.802721643447875,0.0880538832201499,5.713330078125,0.03824275003466785,1,0.001,sigmoid,"{'C': 1, 'gamma': 0.001, 'kernel': 'sigmoid'}",0.112,0.111,0.111,0.112,0.112,0.1116,0.000489897948556636,129
82,47.16771178245544,0.19987564043309647,6.348276090621948,0.04912753460341127,0.001,0.5,rbf,"{'C': 0.001, 'gamma': 0.5, 'kernel': 'rbf'}",0.112,0.111,0.111,0.112,0.112,0.1116,0.000489897948556636,129
86,48.22714400291443,0.11707299539418879,6.169878673553467,0.07179747180079109,0.001,0.7,rbf,"{'C': 0.001, 'gamma': 0.7, 'kernel': 'rbf'}",0.112,0.111,0.111,0.112,0.112,0.1116,0.000489897948556636,129
254,45.7981602191925,0.13367900788399878,6.022673177719116,0.26792288208302295,100,1.0,rbf,"{'C': 100, 'gamma': 1.0, 'kernel': 'rbf'}",0.112,0.111,0.111,0.112,0.112,0.1116,0.000489897948556636,129
130,45.494553089141846,0.14711238191797554,6.188425350189209,0.016347016152436836,0.1,0.0001,rbf,"{'C': 0.1, 'gamma': 0.0001, 'kernel': 'rbf'}",0.112,0.111,0.111,0.112,0.112,0.1116,0.000489897948556636,129
131,42.77546677589417,0.24048840404299776,5.745790433883667,0.04503482197678256,0.1,0.0001,sigmoid,"{'C': 0.1, 'gamma': 0.0001, 'kernel': 'sigmoid'}",0.112,0.111,0.111,0.112,0.112,0.1116,0.000489897948556636,129
134,45.98684725761414,0.1446807029359744,6.170610761642456,0.061293196702158145,0.1,0.001,rbf,"{'C': 0.1, 'gamma': 0.001, 'kernel': 'rbf'}",0.112,0.111,0.111,0.112,0.112,0.1116,0.000489897948556636,129
135,42.759298181533815,0.1341661025647141,5.741741800308228,0.05997189211094693,0.1,0.001,sigmoid,"{'C': 0.1, 'gamma': 0.001, 'kernel': 'sigmoid'}",0.112,0.111,0.111,0.112,0.112,0.1116,0.000489897948556636,129
138,46.01621565818787,0.2102589731031616,6.164932060241699,0.0533290618494245,0.1,0.01,rbf,"{'C': 0.1, 'gamma': 0.01, 'kernel': 'rbf'}",0.112,0.111,0.111,0.112,0.112,0.1116,0.000489897948556636,129
139,42.66910328865051,0.15192479255713354,5.724615812301636,0.0668935792323737,0.1,0.01,sigmoid,"{'C': 0.1, 'gamma': 0.01, 'kernel': 'sigmoid'}",0.112,0.111,0.111,0.112,0.112,0.1116,0.000489897948556636,129
142,45.90309038162231,0.045801423983963994,6.18253173828125,0.056637745211073905,0.1,0.1,rbf,"{'C': 0.1, 'gamma': 0.1, 'kernel': 'rbf'}",0.112,0.111,0.111,0.112,0.112,0.1116,0.000489897948556636,129
126,45.92802147865295,0.07611769099960011,6.2101836681365965,0.02594384453199559,0.01,1.0,rbf,"{'C': 0.01, 'gamma': 1.0, 'kernel': 'rbf'}",0.112,0.111,0.111,0.112,0.112,0.1116,0.000489897948556636,129
143,42.57947874069214,0.08246771138339415,5.685823392868042,0.06287012836045339,0.1,0.1,sigmoid,"{'C': 0.1, 'gamma': 0.1, 'kernel': 'sigmoid'}",0.112,0.111,0.111,0.112,0.112,0.1116,0.000489897948556636,129
147,42.68346719741821,0.1262136423594446,5.731329393386841,0.05228707175822145,0.1,0.5,sigmoid,"{'C': 0.1, 'gamma': 0.5, 'kernel': 'sigmoid'}",0.112,0.111,0.111,0.112,0.112,0.1116,0.000489897948556636,129
150,45.76043539047241,0.1211492687750011,6.202652168273926,0.03209697167907902,0.1,0.7,rbf,"{'C': 0.1, 'gamma': 0.7, 'kernel': 'rbf'}",0.112,0.111,0.111,0.112,0.112,0.1116,0.000489897948556636,129
151,42.75056371688843,0.16978034420154078,5.693510675430298,0.057419614234290844,0.1,0.7,sigmoid,"{'C': 0.1, 'gamma': 0.7, 'kernel': 'sigmoid'}",0.112,0.111,0.111,0.112,0.112,0.1116,0.000489897948556636,129
154,45.90281167030334,0.21504250203089978,6.209087276458741,0.04479635813600049,0.1,0.9,rbf,"{'C': 0.1, 'gamma': 0.9, 'kernel': 'rbf'}",0.112,0.111,0.111,0.112,0.112,0.1116,0.000489897948556636,129
155,42.588051557540894,0.16913337248650082,5.6988640308380125,0.04668918807990811,0.1,0.9,sigmoid,"{'C': 0.1, 'gamma': 0.9, 'kernel': 'sigmoid'}",0.112,0.111,0.111,0.112,0.112,0.1116,0.000489897948556636,129
158,45.8615168094635,0.20026479435924732,6.157488203048706,0.05721357849389598,0.1,1.0,rbf,"{'C': 0.1, 'gamma': 1.0, 'kernel': 'rbf'}",0.112,0.111,0.111,0.112,0.112,0.1116,0.000489897948556636,129
159,42.92948088645935,0.2935852711536429,5.688650321960449,0.04494024433179604,0.1,1.0,sigmoid,"{'C': 0.1, 'gamma': 1.0, 'kernel': 'sigmoid'}",0.112,0.111,0.111,0.112,0.112,0.1116,0.000489897948556636,129
162,45.721434926986696,0.03736886301550743,6.159097385406494,0.044505129620886034,1,0.0001,rbf,"{'C': 1, 'gamma': 0.0001, 'kernel': 'rbf'}",0.112,0.111,0.111,0.112,0.112,0.1116,0.000489897948556636,129
146,46.153344345092776,0.13844224370386973,6.216587734222412,0.03571054552102401,0.1,0.5,rbf,"{'C': 0.1, 'gamma': 0.5, 'kernel': 'rbf'}",0.112,0.111,0.111,0.112,0.112,0.1116,0.000489897948556636,129
83,44.42390856742859,0.636633688114057,6.069774341583252,0.10921549591752362,0.001,0.5,sigmoid,"{'C': 0.001, 'gamma': 0.5, 'kernel': 'sigmoid'}",0.112,0.111,0.111,0.112,0.112,0.1116,0.000489897948556636,129
123,42.73194375038147,0.1894892277618534,5.681315803527832,0.05103906729975827,0.01,0.9,sigmoid,"{'C': 0.01, 'gamma': 0.9, 'kernel': 'sigmoid'}",0.112,0.111,0.111,0.112,0.112,0.1116,0.000489897948556636,129
119,42.91308255195618,0.20851328984161016,5.731165170669556,0.07587452515177615,0.01,0.7,sigmoid,"{'C': 0.01, 'gamma': 0.7, 'kernel': 'sigmoid'}",0.112,0.111,0.111,0.112,0.112,0.1116,0.000489897948556636,129
87,44.08451328277588,0.18434359725664626,5.777084684371948,0.09377080295095368,0.001,0.7,sigmoid,"{'C': 0.001, 'gamma': 0.7, 'kernel': 'sigmoid'}",0.112,0.111,0.111,0.112,0.112,0.1116,0.000489897948556636,129
90,46.38427033424377,0.19530786319484597,6.174155902862549,0.04299007403020175,0.001,0.9,rbf,"{'C': 0.001, 'gamma': 0.9, 'kernel': 'rbf'}",0.112,0.111,0.111,0.112,0.112,0.1116,0.000489897948556636,129
91,42.82561440467835,0.3549399776854466,5.7300409317016605,0.045834069311890775,0.001,0.9,sigmoid,"{'C': 0.001, 'gamma': 0.9, 'kernel': 'sigmoid'}",0.112,0.111,0.111,0.112,0.112,0.1116,0.000489897948556636,129
94,46.052277135848996,0.16793571920034153,6.644869136810303,0.07215135210277239,0.001,1.0,rbf,"{'C': 0.001, 'gamma': 1.0, 'kernel': 'rbf'}",0.112,0.111,0.111,0.112,0.112,0.1116,0.000489897948556636,129
95,45.58706049919128,1.7210517999752433,6.241698598861694,0.14007929370102737,0.001,1.0,sigmoid,"{'C': 0.001, 'gamma': 1.0, 'kernel': 'sigmoid'}",0.112,0.111,0.111,0.112,0.112,0.1116,0.000489897948556636,129
98,50.5575110912323,0.16460602770716312,6.820175075531006,0.03302723593095928,0.01,0.0001,rbf,"{'C': 0.01, 'gamma': 0.0001, 'kernel': 'rbf'}",0.112,0.111,0.111,0.112,0.112,0.1116,0.000489897948556636,129
99,45.722629928588866,1.553030956957817,5.8574193000793455,0.2592747354544187,0.01,0.0001,sigmoid,"{'C': 0.01, 'gamma': 0.0001, 'kernel': 'sigmoid'}",0.112,0.111,0.111,0.112,0.112,0.1116,0.000489897948556636,129
102,46.10744705200195,0.0745060742540641,6.215591955184936,0.03619981689975227,0.01,0.001,rbf,"{'C': 0.01, 'gamma': 0.001, 'kernel': 'rbf'}",0.112,0.111,0.111,0.112,0.112,0.1116,0.000489897948556636,129
122,46.064800310134885,0.1935787836515958,6.185289430618286,0.047742212565898674,0.01,0.9,rbf,"{'C': 0.01, 'gamma': 0.9, 'kernel': 'rbf'}",0.112,0.111,0.111,0.112,0.112,0.1116,0.000489897948556636,129
103,42.74686779975891,0.2635667029795352,5.747726964950561,0.07099415977817625,0.01,0.001,sigmoid,"{'C': 0.01, 'gamma': 0.001, 'kernel': 'sigmoid'}",0.112,0.111,0.111,0.112,0.112,0.1116,0.000489897948556636,129
107,42.69421129226684,0.20748016442856052,5.70907506942749,0.05947323415353308,0.01,0.01,sigmoid,"{'C': 0.01, 'gamma': 0.01, 'kernel': 'sigmoid'}",0.112,0.111,0.111,0.112,0.112,0.1116,0.000489897948556636,129
110,46.176933431625365,0.215702633295675,6.2910925388336185,0.04188756287729314,0.01,0.1,rbf,"{'C': 0.01, 'gamma': 0.1, 'kernel': 'rbf'}",0.112,0.111,0.111,0.112,0.112,0.1116,0.000489897948556636,129
111,43.52080588340759,0.3482339211297864,5.817824840545654,0.14063448401277218,0.01,0.1,sigmoid,"{'C': 0.01, 'gamma': 0.1, 'kernel': 'sigmoid'}",0.112,0.111,0.111,0.112,0.112,0.1116,0.000489897948556636,129
114,46.43244743347168,0.11941161640004255,6.246790027618408,0.0767250699024481,0.01,0.5,rbf,"{'C': 0.01, 'gamma': 0.5, 'kernel': 'rbf'}",0.112,0.111,0.111,0.112,0.112,0.1116,0.000489897948556636,129
115,43.632444095611575,0.23390235546951388,5.76877498626709,0.03176237280215894,0.01,0.5,sigmoid,"{'C': 0.01, 'gamma': 0.5, 'kernel': 'sigmoid'}",0.112,0.111,0.111,0.112,0.112,0.1116,0.000489897948556636,129
118,46.562138891220094,0.15334427065897474,6.174232435226441,0.04288396228479022,0.01,0.7,rbf,"{'C': 0.01, 'gamma': 0.7, 'kernel': 'rbf'}",0.112,0.111,0.111,0.112,0.112,0.1116,0.000489897948556636,129
106,45.9776969909668,0.13150702676200235,6.167880249023438,0.056876289576246825,0.01,0.01,rbf,"{'C': 0.01, 'gamma': 0.01, 'kernel': 'rbf'}",0.112,0.111,0.111,0.112,0.112,0.1116,0.000489897948556636,129
255,33.56645140647888,6.671796633778868,3.8232984066009523,0.7324534028861126,100,1.0,sigmoid,"{'C': 100, 'gamma': 1.0, 'kernel': 'sigmoid'}",0.112,0.111,0.111,0.112,0.112,0.1116,0.000489897948556636,129
163,42.8407585144043,0.17183366196928143,5.704261255264282,0.05745889661942953,1,0.0001,sigmoid,"{'C': 1, 'gamma': 0.0001, 'kernel': 'sigmoid'}",0.112,0.111,0.11,0.112,0.112,0.11140000000000001,0.0008000000000000007,254
195,42.86688146591187,0.18785901189159374,5.73128023147583,0.05290637510456536,10,0.0001,sigmoid,"{'C': 10, 'gamma': 0.0001, 'kernel': 'sigmoid'}",0.112,0.11,0.11,0.111,0.111,0.11080000000000001,0.0007483314773547889,255
227,44.658561038970944,0.969694237583631,5.785176467895508,0.07312157887829147,100,0.0001,sigmoid,"{'C': 100, 'gamma': 0.0001, 'kernel': 'sigmoid'}",0.111,0.11,0.11,0.111,0.109,0.1102,0.0007483314773547889,256
